Workbook

Sheet Value at Risk
A1: T H E F I N {A} N A L Y T I C S . C O M
B2: Risk Measurement Models: Value at Risk | Historical Simulation Model | Equities
B4: Equity Investment | C4: Value | D4: HDFC BANK | E4: SBI BANK | F4: ICICI BANK | G4: INDUSIND BANK | H4: AXIS BANK | I4: PORTFOLIO
B5: Shock Type [Input, Absolute = 0 | Proportional = 1] | C5: 1
B6: Proportional [Input, Discrete = 0 | Continuous = 1] | C6: 0
B8: Horizon | C8: 1 day
B9: Prices | D9: ='Market Data - EQ'!B3 -> 1272.1 | E9: ='Market Data - EQ'!C3 -> 333.75 | F9: ='Market Data - EQ'!D3 -> 538.90002 | G9: ='Market Data - EQ'!E3 -> 1510 | H9: ='Market Data - EQ'!F3 -> 754.09998 | I9: =AVERAGE(D9:H9) -> 881.77
B10: Investment | D10: 5000000 | E10: 5000000 | F10: 5000000 | G10: 5000000 | H10: 5000000 | I10: 5000000
B12: VaR | C12: 0.99
B13: Relative VaR | D13: =IF($C$5=0,_xlfn.PERCENTILE.INC('Market Data - EQ'!G3:G738,1-$C$12)/D9,_xlfn.PERCENTILE.INC('Market Data - EQ'!G3:G738,1-$C$12)) -> -0.0246491 | E13: =IF($C$5=0,_xlfn.PERCENTILE.INC('Market Data - EQ'!H3:H738,1-$C$12)/E9,_xlfn.PERCENTILE.INC('Market Data - EQ'!H3:H738,1-$C$12)) -> -0.047177712 | F13: =IF($C$5=0,_xlfn.PERCENTILE.INC('Market Data - EQ'!I3:I738,1-$C$12)/F9,_xlfn.PERCENTILE.INC('Market Data - EQ'!I3:I738,1-$C$12)) -> -0.035272484 | G13: =IF($C$5=0,_xlfn.PERCENTILE.INC('Market Data - EQ'!J3:J738,1-$C$12)/G9,_xlfn.PERCENTILE.INC('Market Data - EQ'!J3:J738,1-$C$12)) -> -0.051063557 | H13: =IF($C$5=0,_xlfn.PERCENTILE.INC('Market Data - EQ'!K3:K738,1-$C$12)/H9,_xlfn.PERCENTILE.INC('Market Data - EQ'!K3:K738,1-$C$12)) -> -0.036259931 | I13: =IF($C$5=0,_xlfn.PERCENTILE.INC('Market Data - EQ'!L3:L738,1-$C$12)/I9,_xlfn.PERCENTILE.INC('Market Data - EQ'!L3:L738,1-$C$12)) -> -0.027997487
B14: Absolute VaR | D14: =D10*D13 -> -123245.5 | E14: =E10*E13 -> -235888.56 | F14: =F10*F13 -> -176362.42 | G14: =G10*G13 -> -255317.79 | H14: =H10*H13 -> -181299.65 | I14: =I10*I13 -> -139987.43
B15: Diversication Benefit | D15: =$I$14-D14 -> -16741.933 | E15: =$I$14-E14 -> 95901.123 | F15: =$I$14-F14 -> 36374.984 | G15: =$I$14-G14 -> 115330.35 | H15: =$I$14-H14 -> 41312.219

Sheet Market Data - EQ
A1: Date | B1: EQ PRICES | G1: EQ SHOCKS
B2: HDFC BANK | C2: SBI BANK | D2: ICICI BANK | E2: INDUSIND BANK | F2: AXIS BANK | G2: HDFC BANK | H2: SBI BANK | I2: ICICI BANK | J2: INDUSIND BANK | K2: AXIS BANK | L2: PORTFOLIO
A3: 43830 | B3: 1272.1 | C3: 333.75 | D3: 538.90002 | E3: 1510 | F3: 754.09998 | G3: =IF('Value at Risk'!$C$5=0,'Market Data - EQ'!B3-'Market Data - EQ'!B4,IF('Value at Risk'!$C$6=0,('Market Data - EQ'!B3-'Market Data - EQ'!B4)/'Market Data - EQ'!B4,LN('Market Data - EQ'!B3/'Market Data - EQ'!B4))) -> -0.0078384337 | H3: =IF('Value at Risk'!$C$5=0,'Market Data - EQ'!C3-'Market Data - EQ'!C4,IF('Value at Risk'!$C$6=0,('Market Data - EQ'!C3-'Market Data - EQ'!C4)/'Market Data - EQ'!C4,LN('Market Data - EQ'!C3/'Market Data - EQ'!C4))) -> -0.001943762 | I3: =IF('Value at Risk'!$C$5=0,'Market Data - EQ'!D3-'Market Data - EQ'!D4,IF('Value at Risk'!$C$6=0,('Market Data - EQ'!D3-'Market Data - EQ'!D4)/'Market Data - EQ'!D4,LN('Market Data - EQ'!D3/'Market Data - EQ'!D4))) -> -0.0092839193 | J3: =IF('Value at Risk'!$C$5=0,'Market Data - EQ'!E3-'Market Data - EQ'!E4,IF('Value at Risk'!$C$6=0,('Market Data - EQ'!E3-'Market Data - EQ'!E4)/'Market Data - EQ'!E4,LN('Market Data - EQ'!E3/'Market Data - EQ'!E4))) -> -0.013974157 | K3: =IF('Value at Risk'!$C$5=0,'Market Data - EQ'!F3-'Market Data - EQ'!F4,IF('Value at Risk'!$C$6=0,('Market Data - EQ'!F3-'Market Data - EQ'!F4)/'Market Data - EQ'!F4,LN('Market Data - EQ'!F3/'Market Data - EQ'!F4))) -> 0 | L3: =AVERAGE(G3:K3) -> -0.0066080544
A4: 43829 | B4: 1282.15 | C4: 334.39999 | D4: 543.95001 | E4: 1531.4 | F4: 754.09998 | G4: =IF('Value at Risk'!$C$5=0,'Market Data - EQ'!B4-'Market Data - EQ'!B5,IF('Value at Risk'!$C$6=0,('Market Data - EQ'!B4-'Market Data - EQ'!B5)/'Market Data - EQ'!B5,LN('Market Data - EQ'!B4/'Market Data - EQ'!B5))) -> 0.005607862 | H4: =IF('Value at Risk'!$C$5=0,'Market Data - EQ'!C4-'Market Data - EQ'!C5,IF('Value at Risk'!$C$6=0,('Market Data - EQ'!C4-'Market Data - EQ'!C5)/'Market Data - EQ'!C5,LN('Market Data - EQ'!C4/'Market Data - EQ'!C5))) -> -0.008450722 | I4: =IF('Value at Risk'!$C$5=0,'Market Data - EQ'!D4-'Market Data - EQ'!D5,IF('Value at Risk'!$C$6=0,('Market Data - EQ'!D4-'Market Data - EQ'!D5)/'Market Data - EQ'!D5,LN('Market Data - EQ'!D4/'Market Data - EQ'!D5))) -> -0.009919934 | J4: =IF('Value at Risk'!$C$5=0,'Market Data - EQ'!E4-'Market Data - EQ'!E5,IF('Value at Risk'!$C$6=0,('Market Data - EQ'!E4-'Market Data - EQ'!E5)/'Market Data - EQ'!E5,LN('Market Data - EQ'!E4/'Market Data - EQ'!E5))) -> 0.0042625745 | K4: =IF('Value at Risk'!$C$5=0,'Market Data - EQ'!F4-'Market Data - EQ'!F5,IF('Value at Risk'!$C$6=0,('Market Data - EQ'!F4-'Market Data - EQ'!F5)/'Market Data - EQ'!F5,LN('Market Data - EQ'!F4/'Market Data - EQ'!F5))) -> -0.0079590184 | L4: =AVERAGE(G4:K4) -> -0.0032918476
A5: 43826 | B5: 1275 | C5: 337.25 | D5: 549.40002 | E5: 1524.9 | F5: 760.15002 | G5: =IF('Value at Risk'!$C$5=0,'Market Data - EQ'!B5-'Market Data - EQ'!B6,IF('Value at Risk'!$C$6=0,('Market Data - EQ'!B5-'Market Data - EQ'!B6)/'Market Data - EQ'!B6,LN('Market Data - EQ'!B5/'Market Data - EQ'!B6))) -> 0.0035814469 | H5: =IF('Value at Risk'!$C$5=0,'Market Data - EQ'!C5-'Market Data - EQ'!C6,IF('Value at Risk'!$C$6=0,('Market Data - EQ'!C5-'Market Data - EQ'!C6)/'Market Data - EQ'!C6,LN('Market Data - EQ'!C5/'Market Data - EQ'!C6))) -> 0.022434421 | I5: =IF('Value at Risk'!$C$5=0,'Market Data - EQ'!D5-'Market Data - EQ'!D6,IF('Value at Risk'!$C$6=0,('Market Data - EQ'!D5-'Market Data - EQ'!D6)/'Market Data - EQ'!D6,LN('Market Data - EQ'!D5/'Market Data - EQ'!D6))) -> 0.019768026 | J5: =IF('Value at Risk'!$C$5=0,'Market Data - EQ'!E5-'Market Data - EQ'!E6,IF('Value at Risk'!$C$6=0,('Market Data - EQ'!E5-'Market Data - EQ'!E6)/'Market Data - EQ'!E6,LN('Market Data - EQ'!E5/'Market Data - EQ'!E6))) -> 0.0062689718 | K5: =IF('Value at Risk'!$C$5=0,'Market Data - EQ'!F5-'Market Data - EQ'!F6,IF('Value at Risk'!$C$6=0,('Market Data - EQ'!F5-'Market Data - EQ'!F6)/'Market Data - EQ'!F6,LN('Market Data - EQ'!F5/'Market Data - EQ'!F6))) -> 0.03211137 | L5: =AVERAGE(G5:K5) -> 0.016832847
A6: 43825 | B6: 1270.45 | C6: 329.85001 | D6: 538.75 | E6: 1515.4 | F6: 736.5 | G6: =IF('Value at Risk'!$C$5=0,'Market Data - EQ'!B6-'Market Data - EQ'!B7,IF('Value at Risk'!$C$6=0,('Market Data - EQ'!B6-'Market Data - EQ'!B7)/'Market Data - EQ'!B7,LN('Market Data - EQ'!B6/'Market Data - EQ'!B7))) -> -0.014505738 | H6: =IF('Value at Risk'!$C$5=0,'Market Data - EQ'!C6-'Market Data - EQ'!C7,IF('Value at Risk'!$C$6=0,('Market Data - EQ'!C6-'Market Data - EQ'!C7)/'Market Data - EQ'!C7,LN('Market Data - EQ'!C6/'Market Data - EQ'!C7))) -> -0.004827292 | I6: =IF('Value at Risk'!$C$5=0,'Market Data - EQ'!D6-'Market Data - EQ'!D7,IF('Value at Risk'!$C$6=0,('Market Data - EQ'!D6-'Market Data - EQ'!D7)/'Market Data - EQ'!D7,LN('Market Data - EQ'!D6/'Market Data - EQ'!D7))) -> -0.0043429608 | J6: =IF('Value at Risk'!$C$5=0,'Market Data - EQ'!E6-'Market Data - EQ'!E7,IF('Value at Risk'!$C$6=0,('Market Data - EQ'!E6-'Market Data - EQ'!E7)/'Market Data - EQ'!E7,LN('Market Data - EQ'!E6/'Market Data - EQ'!E7))) -> -0.0042382312 | K6: =IF('Value at Risk'!$C$5=0,'Market Data - EQ'!F6-'Market Data - EQ'!F7,IF('Value at Risk'!$C$6=0,('Market Data - EQ'!F6-'Market Data - EQ'!F7)/'Market Data - EQ'!F7,LN('Market Data - EQ'!F6/'Market Data - EQ'!F7))) -> -0.0056032186 | L6: =AVERAGE(G6:K6) -> -0.0067034882
A7: 43823 | B7: 1289.15 | C7: 331.45001 | D7: 541.09998 | E7: 1521.85 | F7: 740.65002 | G7: =IF('Value at Risk'!$C$5=0,'Market Data - EQ'!B7-'Market Data - EQ'!B8,IF('Value at Risk'!$C$6=0,('Market Data - EQ'!B7-'Market Data - EQ'!B8)/'Market Data - EQ'!B8,LN('Market Data - EQ'!B7/'Market Data - EQ'!B8))) -> -0.010173526 | H7: =IF('Value at Risk'!$C$5=0,'Market Data - EQ'!C7-'Market Data - EQ'!C8,IF('Value at Risk'!$C$6=0,('Market Data - EQ'!C7-'Market Data - EQ'!C8)/'Market Data - EQ'!C8,LN('Market Data - EQ'!C7/'Market Data - EQ'!C8))) -> -0.0028579483 | I7: =IF('Value at Risk'!$C$5=0,'Market Data - EQ'!D7-'Market Data - EQ'!D8,IF('Value at Risk'!$C$6=0,('Market Data - EQ'!D7-'Market Data - EQ'!D8)/'Market Data - EQ'!D8,LN('Market Data - EQ'!D7/'Market Data - EQ'!D8))) -> -0.00036950306 | J7: =IF('Value at Risk'!$C$5=0,'Market Data - EQ'!E7-'Market Data - EQ'!E8,IF('Value at Risk'!$C$6=0,('Market Data - EQ'!E7-'Market Data - EQ'!E8)/'Market Data - EQ'!E8,LN('Market Data - EQ'!E7/'Market Data - EQ'!E8))) -> 0.017075403 | K7: =IF('Value at Risk'!$C$5=0,'Market Data - EQ'!F7-'Market Data - EQ'!F8,IF('Value at Risk'!$C$6=0,('Market Data - EQ'!F7-'Market Data - EQ'!F8)/'Market Data - EQ'!F8,LN('Market Data - EQ'!F7/'Market Data - EQ'!F8))) -> -0.0033640583 | L7: =AVERAGE(G7:K7) -> 6.2073634e-05
A8: 43822 | B8: 1302.4 | C8: 332.39999 | D8: 541.29999 | E8: 1496.3 | F8: 743.15002 | G8: =IF('Value at Risk'!$C$5=0,'Market Data - EQ'!B8-'Market Data - EQ'!B9,IF('Value at Risk'!$C$6=0,('Market Data - EQ'!B8-'Market Data - EQ'!B9)/'Market Data - EQ'!B9,LN('Market Data - EQ'!B8/'Market Data - EQ'!B9))) -> 0.0043958304 | H8: =IF('Value at Risk'!$C$5=0,'Market Data - EQ'!C8-'Market Data - EQ'!C9,IF('Value at Risk'!$C$6=0,('Market Data - EQ'!C8-'Market Data - EQ'!C9)/'Market Data - EQ'!C9,LN('Market Data - EQ'!C8/'Market Data - EQ'!C9))) -> -0.016131455 | I8: =IF('Value at Risk'!$C$5=0,'Market Data - EQ'!D8-'Market Data - EQ'!D9,IF('Value at Risk'!$C$6=0,('Market Data - EQ'!D8-'Market Data - EQ'!D9)/'Market Data - EQ'!D9,LN('Market Data - EQ'!D8/'Market Data - EQ'!D9))) -> -0.0087895774 | J8: =IF('Value at Risk'!$C$5=0,'Market Data - EQ'!E8-'Market Data - EQ'!E9,IF('Value at Risk'!$C$6=0,('Market Data - EQ'!E8-'Market Data - EQ'!E9)/'Market Data - EQ'!E9,LN('Market Data - EQ'!E8/'Market Data - EQ'!E9))) -> 0.0056118138 | K8: =IF('Value at Risk'!$C$5=0,'Market Data - EQ'!F8-'Market Data - EQ'!F9,IF('Value at Risk'!$C$6=0,('Market Data - EQ'!F8-'Market Data - EQ'!F9)/'Market Data - EQ'!F9,LN('Market Data - EQ'!F8/'Market Data - EQ'!F9))) -> 0.0044604286 | L8: =AVERAGE(G8:K8) -> -0.0020905918
A9: 43819 | B9: 1296.7 | C9: 337.85001 | D9: 546.09998 | E9: 1487.95 | F9: 739.84998 | G9: =IF('Value at Risk'!$C$5=0,'Market Data - EQ'!B9-'Market Data - EQ'!B10,IF('Value at Risk'!$C$6=0,('Market Data - EQ'!B9-'Market Data - EQ'!B10)/'Market Data - EQ'!B10,LN('Market Data - EQ'!B9/'Market Data - EQ'!B10))) -> 0.0061296568 | H9: =IF('Value at Risk'!$C$5=0,'Market Data - EQ'!C9-'Market Data - EQ'!C10,IF('Value at Risk'!$C$6=0,('Market Data - EQ'!C9-'Market Data - EQ'!C10)/'Market Data - EQ'!C10,LN('Market Data - EQ'!C9/'Market Data - EQ'!C10))) -> 0.02955969 | I9: =IF('Value at Risk'!$C$5=0,'Market Data - EQ'!D9-'Market Data - EQ'!D10,IF('Value at Risk'!$C$6=0,('Market Data - EQ'!D9-'Market Data - EQ'!D10)/'Market Data - EQ'!D10,LN('Market Data - EQ'!D9/'Market Data - EQ'!D10))) -> 0.010921814 | J9: =IF('Value at Risk'!$C$5=0,'Market Data - EQ'!E9-'Market Data - EQ'!E10,IF('Value at Risk'!$C$6=0,('Market Data - EQ'!E9-'Market Data - EQ'!E10)/'Market Data - EQ'!E10,LN('Market Data - EQ'!E9/'Market Data - EQ'!E10))) -> -0.0013088616 | K9: =IF('Value at Risk'!$C$5=0,'Market Data - EQ'!F9-'Market Data - EQ'!F10,IF('Value at Risk'!$C$6=0,('Market Data - EQ'!F9-'Market Data - EQ'!F10)/'Market Data - EQ'!F10,LN('Market Data - EQ'!F9/'Market Data - EQ'!F10))) -> -0.003636135 | L9: =AVERAGE(G9:K9) -> 0.0083332328
A10: 43818 | B10: 1288.8 | C10: 328.14999 | D10: 540.20001 | E10: 1489.9 | F10: 742.54999 | G10: =IF('Value at Risk'!$C$5=0,'Market Data - EQ'!B10-'Market Data - EQ'!B11,IF('Value at Risk'!$C$6=0,('Market Data - EQ'!B10-'Market Data - EQ'!B11)/'Market Data - EQ'!B11,LN('Market Data - EQ'!B10/'Market Data - EQ'!B11))) -> -0.0027468774 | H10: =IF('Value at Risk'!$C$5=0,'Market Data - EQ'!C10-'Market Data - EQ'!C11,IF('Value at Risk'!$C$6=0,('Market Data - EQ'!C10-'Market Data - EQ'!C11)/'Market Data - EQ'!C11,LN('Market Data - EQ'!C10/'Market Data - EQ'!C11))) -> 0.0036702308 | I10: =IF('Value at Risk'!$C$5=0,'Market Data - EQ'!D10-'Market Data - EQ'!D11,IF('Value at Risk'!$C$6=0,('Market Data - EQ'!D10-'Market Data - EQ'!D11)/'Market Data - EQ'!D11,LN('Market Data - EQ'!D10/'Market Data - EQ'!D11))) -> -0.0022164979 | J10: =IF('Value at Risk'!$C$5=0,'Market Data - EQ'!E10-'Market Data - EQ'!E11,IF('Value at Risk'!$C$6=0,('Market Data - EQ'!E10-'Market Data - EQ'!E11)/'Market Data - EQ'!E11,LN('Market Data - EQ'!E10/'Market Data - EQ'!E11))) -> -0.0072628096 | K10: =IF('Value at Risk'!$C$5=0,'Market Data - EQ'!F10-'Market Data - EQ'!F11,IF('Value at Risk'!$C$6=0,('Market Data - EQ'!F10-'Market Data - EQ'!F11)/'Market Data - EQ'!F11,LN('Market Data - EQ'!F10/'Market Data - EQ'!F11))) -> 0.00094360318 | L10: =AVERAGE(G10:K10) -> -0.0015224702
A11: 43817 | B11: 1292.35 | C11: 326.95001 | D11: 541.40002 | E11: 1500.8 | F11: 741.84998 | G11: =IF('Value at Risk'!$C$5=0,'Market Data - EQ'!B11-'Market Data - EQ'!B12,IF('Value at Risk'!$C$6=0,('Market Data - EQ'!B11-'Market Data - EQ'!B12)/'Market Data - EQ'!B12,LN('Market Data - EQ'!B11/'Market Data - EQ'!B12))) -> 0.016717804 | H11: =IF('Value at Risk'!$C$5=0,'Market Data - EQ'!C11-'Market Data - EQ'!C12,IF('Value at Risk'!$C$6=0,('Market Data - EQ'!C11-'Market Data - EQ'!C12)/'Market Data - EQ'!C12,LN('Market Data - EQ'!C11/'Market Data - EQ'!C12))) -> -0.017873181 | I11: =IF('Value at Risk'!$C$5=0,'Market Data - EQ'!D11-'Market Data - EQ'!D12,IF('Value at Risk'!$C$6=0,('Market Data - EQ'!D11-'Market Data - EQ'!D12)/'Market Data - EQ'!D12,LN('Market Data - EQ'!D11/'Market Data - EQ'!D12))) -> 0.0004619791 | J11: =IF('Value at Risk'!$C$5=0,'Market Data - EQ'!E11-'Market Data - EQ'!E12,IF('Value at Risk'!$C$6=0,('Market Data - EQ'!E11-'Market Data - EQ'!E12)/'Market Data - EQ'!E12,LN('Market Data - EQ'!E11/'Market Data - EQ'!E12))) -> 0.0053927644 | K11: =IF('Value at Risk'!$C$5=0,'Market Data - EQ'!F11-'Market Data - EQ'!F12,IF('Value at Risk'!$C$6=0,('Market Data - EQ'!F11-'Market Data - EQ'!F12)/'Market Data - EQ'!F12,LN('Market Data - EQ'!F11/'Market Data - EQ'!F12))) -> -0.005096289 | L11: =AVERAGE(G11:K11) -> -7.9384637e-05
A12: 43816 | B12: 1271.1 | C12: 332.89999 | D12: 541.15002 | E12: 1492.75 | F12: 745.65002 | G12: =IF('Value at Risk'!$C$5=0,'Market Data - EQ'!B12-'Market Data - EQ'!B13,IF('Value at Risk'!$C$6=0,('Market Data - EQ'!B12-'Market Data - EQ'!B13)/'Market Data - EQ'!B13,LN('Market Data - EQ'!B12/'Market Data - EQ'!B13))) -> 0.010935698 | H12: =IF('Value at Risk'!$C$5=0,'Market Data - EQ'!C12-'Market Data - EQ'!C13,IF('Value at Risk'!$C$6=0,('Market Data - EQ'!C12-'Market Data - EQ'!C13)/'Market Data - EQ'!C13,LN('Market Data - EQ'!C12/'Market Data - EQ'!C13))) -> 0.0031640439 | I12: =IF('Value at Risk'!$C$5=0,'Market Data - EQ'!D12-'Market Data - EQ'!D13,IF('Value at Risk'!$C$6=0,('Market Data - EQ'!D12-'Market Data - EQ'!D13)/'Market Data - EQ'!D13,LN('Market Data - EQ'!D12/'Market Data - EQ'!D13))) -> 0.0035234567 | J12: =IF('Value at Risk'!$C$5=0,'Market Data - EQ'!E12-'Market Data - EQ'!E13,IF('Value at Risk'!$C$6=0,('Market Data - EQ'!E12-'Market Data - EQ'!E13)/'Market Data - EQ'!E13,LN('Market Data - EQ'!E12/'Market Data - EQ'!E13))) -> -0.00043526449 | K12: =IF('Value at Risk'!$C$5=0,'Market Data - EQ'!F12-'Market Data - EQ'!F13,IF('Value at Risk'!$C$6=0,('Market Data - EQ'!F12-'Market Data - EQ'!F13)/'Market Data - EQ'!F13,LN('Market Data - EQ'!F12/'Market Data - EQ'!F13))) -> -0.0021411522 | L12: =AVERAGE(G12:K12) -> 0.0030093564
A13: 43815 | B13: 1257.35 | C13: 331.85001 | D13: 539.25 | E13: 1493.4 | F13: 747.25 | G13: =IF('Value at Risk'!$C$5=0,'Market Data - EQ'!B13-'Market Data - EQ'!B14,IF('Value at Risk'!$C$6=0,('Market Data - EQ'!B13-'Market Data - EQ'!B14)/'Market Data - EQ'!B14,LN('Market Data - EQ'!B13/'Market Data - EQ'!B14))) -> -0.0051430155 | H13: =IF('Value at Risk'!$C$5=0,'Market Data - EQ'!C13-'Market Data - EQ'!C14,IF('Value at Risk'!$C$6=0,('Market Data - EQ'!C13-'Market Data - EQ'!C14)/'Market Data - EQ'!C14,LN('Market Data - EQ'!C13/'Market Data - EQ'!C14))) -> -0.0021048926 | I13: =IF('Value at Risk'!$C$5=0,'Market Data - EQ'!D13-'Market Data - EQ'!D14,IF('Value at Risk'!$C$6=0,('Market Data - EQ'!D13-'Market Data - EQ'!D14)/'Market Data - EQ'!D14,LN('Market Data - EQ'!D13/'Market Data - EQ'!D14))) -> 0.0040964753 | J13: =IF('Value at Risk'!$C$5=0,'Market Data - EQ'!E13-'Market Data - EQ'!E14,IF('Value at Risk'!$C$6=0,('Market Data - EQ'!E13-'Market Data - EQ'!E14)/'Market Data - EQ'!E14,LN('Market Data - EQ'!E13/'Market Data - EQ'!E14))) -> 0.0053857546 | K13: =IF('Value at Risk'!$C$5=0,'Market Data - EQ'!F13-'Market Data - EQ'!F14,IF('Value at Risk'!$C$6=0,('Market Data - EQ'!F13-'Market Data - EQ'!F14)/'Market Data - EQ'!F14,LN('Market Data - EQ'!F13/'Market Data - EQ'!F14))) -> -0.0063164894 | L13: =AVERAGE(G13:K13) -> -0.00081643351
A14: 43812 | B14: 1263.85 | C14: 332.54999 | D14: 537.04999 | E14: 1485.4 | F14: 752 | G14: =IF('Value at Risk'!$C$5=0,'Market Data - EQ'!B14-'Market Data - EQ'!B15,IF('Value at Risk'!$C$6=0,('Market Data - EQ'!B14-'Market Data - EQ'!B15)/'Market Data - EQ'!B15,LN('Market Data - EQ'!B14/'Market Data - EQ'!B15))) -> 0.00019784742 | H14: =IF('Value at Risk'!$C$5=0,'Market Data - EQ'!C14-'Market Data - EQ'!C15,IF('Value at Risk'!$C$6=0,('Market Data - EQ'!C14-'Market Data - EQ'!C15)/'Market Data - EQ'!C15,LN('Market Data - EQ'!C14/'Market Data - EQ'!C15))) -> 0.033245244 | I14: =IF('Value at Risk'!$C$5=0,'Market Data - EQ'!D14-'Market Data - EQ'!D15,IF('Value at Risk'!$C$6=0,('Market Data - EQ'!D14-'Market Data - EQ'!D15)/'Market Data - EQ'!D15,LN('Market Data - EQ'!D14/'Market Data - EQ'!D15))) -> 0.0031755152 | J14: =IF('Value at Risk'!$C$5=0,'Market Data - EQ'!E14-'Market Data - EQ'!E15,IF('Value at Risk'!$C$6=0,('Market Data - EQ'!E14-'Market Data - EQ'!E15)/'Market Data - EQ'!E15,LN('Market Data - EQ'!E14/'Market Data - EQ'!E15))) -> 0.028563514 | K14: =IF('Value at Risk'!$C$5=0,'Market Data - EQ'!F14-'Market Data - EQ'!F15,IF('Value at Risk'!$C$6=0,('Market Data - EQ'!F14-'Market Data - EQ'!F15)/'Market Data - EQ'!F15,LN('Market Data - EQ'!F14/'Market Data - EQ'!F15))) -> 0.041407042 | L14: =AVERAGE(G14:K14) -> 0.021317833
... A738: 42738 | B738: 594.95001 | C738: 244.89999 | D738: 231.273 | E738: 1100.6 | F738: 455.25 | G738: =IF('Value at Risk'!$C$5=0,'Market Data - EQ'!B738-'Market Data - EQ'!B739,IF('Value at Risk'!$C$6=0,('Market Data - EQ'!B738-'Market Data - EQ'!B739)/'Market Data - EQ'!B739,LN('Market Data - EQ'!B738/'Market Data - EQ'!B739))) -> -0.0060144952 | H738: =IF('Value at Risk'!$C$5=0,'Market Data - EQ'!C738-'Market Data - EQ'!C739,IF('Value at Risk'!$C$6=0,('Market Data - EQ'!C738-'Market Data - EQ'!C739)/'Market Data - EQ'!C739,LN('Market Data - EQ'!C738/'Market Data - EQ'!C739))) -> 0.005336568 | I738: =IF('Value at Risk'!$C$5=0,'Market Data - EQ'!D738-'Market Data - EQ'!D739,IF('Value at Risk'!$C$6=0,('Market Data - EQ'!D738-'Market Data - EQ'!D739)/'Market Data - EQ'!D739,LN('Market Data - EQ'!D738/'Market Data - EQ'!D739))) -> 0.0097273331 | J738: =IF('Value at Risk'!$C$5=0,'Market Data - EQ'!E738-'Market Data - EQ'!E739,IF('Value at Risk'!$C$6=0,('Market Data - EQ'!E738-'Market Data - EQ'!E739)/'Market Data - EQ'!E739,LN('Market Data - EQ'!E738/'Market Data - EQ'!E739))) -> 0.012092534 | K738: =IF('Value at Risk'!$C$5=0,'Market Data - EQ'!F738-'Market Data - EQ'!F739,IF('Value at Risk'!$C$6=0,('Market Data - EQ'!F738-'Market Data - EQ'!F739)/'Market Data - EQ'!F739,LN('Market Data - EQ'!F738/'Market Data - EQ'!F739))) -> 0.016750419 | L738: =AVERAGE(G738:K738) -> 0.0075784717
A739: 42737 | B739: 598.54999 | C739: 243.60001 | D739: 229.045 | E739: 1087.45 | F739: 447.75
